PLAYER,GP,3PTM,PTS,REB,AST,ST,BLK,TO,FGM,FGA,FTM,FTA,Date
Nikola Jokic,68.0,1.8,27.4,13.9,7.9,1.3,1.0,3.1,10.9,18.9,3.9,4.9,2022-01-13
James Harden,65.0,2.6,23.7,8.4,10.3,1.4,0.9,4.6,6.2,14.3,8.7,10.0,2022-01-13
Stephen Curry,73.0,5.3,28.7,5.4,6.0,1.4,0.4,3.4,9.0,20.0,5.4,5.9,2022-01-13
Kevin Durant,68.0,2.3,31.4,8.1,6.1,0.8,0.9,3.3,11.6,22.6,5.9,6.7,2022-01-13
LeBron James,62.0,2.7,28.5,7.1,7.0,1.4,0.8,3.9,10.5,20.3,4.7,6.1,2022-01-13
Fred VanVleet,70.0,4.0,24.5,5.2,6.8,1.7,0.5,2.9,8.3,18.2,3.9,4.4,2022-01-13
Joel Embiid,55.0,1.4,28.5,11.2,4.0,1.2,1.4,3.5,9.3,18.9,8.5,10.6,2022-01-13
Karl-Anthony Towns,72.0,2.6,25.0,9.9,3.4,1.0,1.1,3.2,9.2,18.2,4.0,4.9,2022-01-13
Trae Young,78.0,3.0,28.7,3.8,9.3,1.0,0.2,4.0,9.9,21.6,6.0,6.8,2022-01-13
Jimmy Butler,62.0,0.4,23.5,6.0,5.3,1.9,0.4,2.1,8.3,16.0,6.6,7.6,2022-01-13
Paul George,48.0,3.3,25.8,7.7,5.4,1.4,0.5,3.9,9.3,21.0,3.8,4.3,2022-01-13
Anthony Davis,44.0,0.4,22.8,9.9,2.6,1.1,2.0,2.3,9.2,18.0,4.0,5.2,2022-01-13
Giannis Antetokounmpo,70.0,1.0,26.8,11.4,5.9,1.2,1.5,3.1,9.7,18.4,6.4,9.2,2022-01-13
Damian Lillard,36.0,3.6,24.5,3.8,6.5,0.6,0.4,2.4,7.4,17.6,6.1,6.8,2022-01-13
Rudy Gobert,76.0,0.0,15.9,15.4,1.0,0.7,2.3,2.0,5.6,7.9,4.6,6.5,2022-01-13
Dejounte Murray,74.0,1.4,19.0,8.4,9.5,1.9,0.4,2.2,7.9,18.0,1.9,2.4,2022-01-13
Chris Paul,72.0,1.4,14.5,4.4,10.2,1.7,0.4,2.3,5.4,11.0,2.4,2.8,2022-01-13
Kyrie Irving,21.0,2.7,23.0,3.7,5.2,1.2,0.5,2.6,8.9,18.1,2.5,2.8,2022-01-13
Luka Doncic,65.0,2.5,25.5,8.1,9.5,1.3,0.4,4.4,9.3,21.0,4.5,6.0,2022-01-13
Jarrett Allen,70.0,0.1,17.6,10.6,2.1,0.7,1.5,2.0,7.4,11.0,2.6,3.6,2022-01-13
LaMelo Ball,70.0,2.7,19.8,7.4,8.0,1.5,0.4,3.0,7.3,17.1,2.5,3.0,2022-01-13
Bradley Beal,68.0,2.1,26.1,5.1,6.8,0.9,0.4,3.5,9.9,21.1,4.3,5.0,2022-01-13
Kristaps Porzingis,69.0,1.5,19.3,8.4,1.9,0.9,1.5,1.6,6.7,15.0,4.3,4.9,2022-01-13
Donovan Mitchell,72.0,3.4,25.7,4.3,5.1,1.3,0.2,3.0,9.5,20.5,3.2,3.8,2022-01-13
Jayson Tatum,76.0,2.8,26.3,8.6,3.6,0.9,0.7,3.0,9.3,21.1,5.0,6.0,2022-01-13
Domantas Sabonis,70.0,0.8,19.5,11.4,4.2,1.0,0.4,3.0,7.5,12.5,3.8,4.9,2022-01-13
Darius Garland,70.0,2.9,22.2,2.8,7.7,1.2,0.1,3.7,8.5,18.2,2.2,2.5,2022-01-13
Myles Turner,72.0,1.4,11.5,7.3,1.0,0.7,2.9,1.2,4.0,8.5,2.0,2.6,2022-01-13
Devin Booker,65.0,2.7,24.2,4.8,4.6,1.0,0.3,2.8,8.8,18.6,4.0,4.8,2022-01-13
Tyrese Haliburton,72.0,2.1,14.5,4.3,7.4,1.4,0.6,2.3,5.3,11.4,1.7,2.0,2022-01-13
Zach LaVine,70.0,2.6,25.3,4.8,4.2,0.6,0.5,3.0,9.3,19.2,4.0,4.8,2022-01-13
John Collins,75.0,1.3,17.8,8.0,1.8,0.8,1.0,1.1,6.4,11.9,3.7,4.5,2022-01-13
Pascal Siakam,59.0,1.2,21.8,8.8,4.7,1.0,0.8,2.2,8.4,17.8,3.8,4.9,2022-01-13
Khris Middleton,70.0,2.4,20.0,5.9,5.0,1.1,0.1,2.8,6.8,14.9,4.1,4.7,2022-01-13
Lonzo Ball,70.0,3.2,13.5,5.3,5.3,1.7,0.8,2.4,4.8,11.4,0.8,1.0,2022-01-13
Shai Gilgeous-Alexander,70.0,2.1,22.6,4.6,5.4,0.9,0.8,2.2,7.8,17.9,5.0,6.0,2022-01-13
Miles Bridges,74.0,1.7,18.6,7.2,4.1,1.1,0.8,1.9,6.8,14.0,3.3,4.2,2022-01-13
Anthony Edwards,77.0,3.2,22.2,5.3,3.5,1.5,0.7,3.0,8.0,18.2,2.9,3.8,2022-01-13
Evan Mobley,67.0,0.6,14.6,8.7,2.5,1.0,1.9,1.5,5.9,12.2,2.2,2.8,2022-01-13
Jrue Holiday,70.0,1.7,18.5,5.0,6.4,1.4,0.5,2.4,7.6,15.4,1.6,2.2,2022-01-13
Deandre Ayton,74.0,0.1,17.3,11.3,1.5,0.8,1.0,1.8,7.6,12.5,1.9,2.7,2022-01-13
Jonas Valanciunas,73.0,0.4,19.0,11.8,2.2,0.6,1.0,2.3,7.6,14.3,3.4,4.3,2022-01-13
Jaren Jackson Jr.,70.0,2.0,17.5,6.1,1.0,0.9,1.7,1.9,5.9,13.2,3.7,4.4,2022-01-13
Nikola Vucevic,69.0,1.8,17.1,11.2,3.3,1.0,1.1,1.6,7.1,16.1,1.1,1.5,2022-01-13
Clint Capela,72.0,0.0,13.6,13.7,1.2,1.0,1.9,1.0,6.0,10.3,1.6,2.8,2022-01-13
DeMar DeRozan,72.0,0.6,24.8,5.0,4.9,0.8,0.4,1.9,9.2,19.0,5.9,7.0,2022-01-13
Kyle Lowry,65.0,2.5,15.1,5.1,7.2,1.0,0.4,3.0,5.0,11.7,2.7,3.0,2022-01-13
Draymond Green,72.0,0.4,8.6,8.2,7.4,1.4,1.0,3.1,3.5,6.5,1.1,1.7,2022-01-13
Bobby Portis,75.0,2.0,16.9,9.2,1.5,0.9,1.0,1.5,6.7,14.0,1.5,2.0,2022-01-13
Jerami Grant,50.0,1.8,20.5,4.9,2.7,1.0,1.0,2.0,7.0,16.8,4.8,5.5,2022-01-13
Terry Rozier,70.0,2.7,18.4,3.7,3.6,1.3,0.5,1.8,6.8,15.2,2.0,2.4,2022-01-13
Scottie Barnes,74.0,1.1,16.1,8.6,3.5,1.1,1.0,2.0,6.4,13.1,2.2,3.0,2022-01-13
Jaylen Brown,70.0,2.9,24.6,5.6,2.4,1.2,0.5,3.1,9.1,19.8,3.7,4.8,2022-01-13
Cade Cunningham,68.0,2.3,17.1,6.1,5.6,1.2,0.7,3.5,6.5,15.7,1.9,2.3,2022-01-13
Brandon Ingram,70.0,1.4,23.5,6.2,5.1,0.7,0.4,3.1,8.7,19.3,4.7,5.6,2022-01-13
Gordon Hayward,68.0,1.8,18.2,5.5,3.9,0.9,0.5,2.0,6.5,14.2,3.3,3.9,2022-01-13
Richaun Holmes,67.0,0.1,14.2,9.3,1.3,0.4,1.0,1.8,6.0,8.9,2.1,2.7,2022-01-13
Mikal Bridges,78.0,1.4,12.8,4.3,2.1,1.5,0.8,0.8,5.0,9.5,1.4,1.6,2022-01-13
Derrick White,69.0,1.7,15.6,3.4,5.0,1.1,0.9,1.5,5.5,13.0,2.9,3.4,2022-01-13
CJ McCollum,54.0,3.1,22.1,3.9,4.4,1.0,0.6,1.8,8.7,19.8,1.6,2.1,2022-01-13
D'Angelo Russell,70.0,3.0,18.6,2.8,6.9,1.0,0.5,2.8,6.4,15.3,2.8,3.5,2022-01-13
OG Anunoby,60.0,2.3,17.8,5.2,2.9,1.4,0.6,1.6,6.8,15.2,2.0,2.5,2022-01-13
Mo Bamba,68.0,1.3,10.6,8.4,1.6,0.6,2.1,1.5,4.1,9.1,1.0,1.4,2022-01-13
Mike Conley,68.0,2.5,13.9,3.3,5.5,1.1,0.3,1.9,5.0,10.4,1.4,1.6,2022-01-13
Ja Morant,53.0,1.3,21.8,4.8,6.9,1.4,0.3,3.1,8.0,17.8,4.4,5.8,2022-01-13
Anfernee Simons,73.0,3.1,17.4,2.7,4.7,0.5,0.1,1.0,5.9,13.3,2.5,2.7,2022-01-13
Kawhi Leonard,10.0,1.4,17.8,4.7,3.7,1.2,0.3,1.7,6.4,13.5,3.6,4.3,2022-01-13
Desmond Bane,76.0,3.1,17.0,4.4,2.5,1.0,0.3,1.9,6.4,13.6,1.1,1.2,2022-01-13
Jarred Vanderbilt,69.0,0.1,8.4,10.1,1.2,1.7,0.9,1.1,3.6,6.2,1.0,1.5,2022-01-13
Cole Anthony,62.0,2.9,19.0,5.9,6.0,0.9,0.1,3.0,6.2,16.1,3.8,4.5,2022-01-13
Julius Randle,77.0,1.7,19.7,9.7,4.7,0.7,0.6,3.7,7.3,17.1,3.5,4.5,2022-01-13
Daniel Gafford,69.0,0.0,9.5,6.5,1.0,0.7,2.0,1.1,3.9,6.0,1.8,2.4,2022-01-13
Herbert Jones,72.0,0.9,10.7,4.6,2.1,1.5,1.2,1.4,4.2,8.9,1.3,1.6,2022-01-13
Tobias Harris,75.0,1.0,17.8,7.5,3.2,0.5,0.6,1.7,6.3,14.4,4.1,4.7,2022-01-13
Russell Westbrook,76.0,1.2,20.0,8.1,8.1,1.1,0.3,3.9,7.6,17.3,3.6,5.0,2022-01-13
De'Aaron Fox,73.0,1.0,21.5,3.6,5.4,1.3,0.4,3.1,7.6,16.8,5.2,6.6,2022-01-13
Jamal Murray,19.0,2.1,16.8,3.2,3.8,1.0,0.2,1.7,6.2,13.4,2.2,2.5,2022-01-13
Jusuf Nurkic,69.0,0.2,13.4,10.9,2.4,1.0,0.7,2.3,5.2,9.3,2.8,3.9,2022-01-13
Tyrese Maxey,70.0,1.2,16.9,3.4,4.6,0.8,0.5,1.6,6.8,14.1,2.1,2.4,2022-01-13
Bam Adebayo,50.0,0.0,17.0,8.9,3.4,1.2,0.6,2.9,6.5,12.6,4.0,5.3,2022-01-13
Norman Powell,70.0,2.7,19.0,2.9,2.1,1.0,0.4,1.8,6.3,14.0,3.7,4.5,2022-01-13
Wendell Carter Jr.,67.0,1.1,13.2,10.7,3.0,0.6,0.8,1.8,5.2,10.7,1.7,2.2,2022-01-13
Malcolm Brogdon,60.0,1.5,17.3,4.5,5.4,0.8,0.3,1.8,6.6,14.8,2.6,3.0,2022-01-13
Franz Wagner,70.0,1.3,17.7,5.2,3.2,1.0,0.4,1.3,6.6,14.5,3.1,3.7,2022-01-13
Tyler Herro,70.0,2.7,19.4,4.8,3.9,0.8,0.1,3.0,7.1,16.3,2.4,2.9,2022-01-13
Jordan Poole,74.0,2.8,17.1,2.5,2.9,1.0,0.3,2.1,6.1,14.0,2.1,2.3,2022-01-13
Malik Monk,69.0,2.6,15.7,2.9,2.0,0.8,0.5,1.3,5.7,11.8,1.8,2.0,2022-01-13
Kevin Love,58.0,2.7,16.1,7.4,2.0,0.5,0.1,1.0,5.0,11.1,3.4,4.1,2022-01-13
LaMarcus Aldridge,60.0,0.4,14.0,6.0,1.0,0.4,1.1,1.0,6.0,10.4,1.7,2.0,2022-01-13
Jakob Poeltl,77.0,0.0,12.4,9.5,2.0,0.7,1.6,1.3,5.7,9.5,1.0,2.1,2022-01-13
Robert Covington,74.0,1.6,7.2,4.8,1.0,1.5,1.4,0.8,2.5,6.0,0.6,0.8,2022-01-13
Ben Simmons,29.0,0.1,14.3,7.2,7.0,1.6,0.6,3.0,5.6,10.1,3.0,4.9,2022-01-13
Bojan Bogdanovic,78.0,2.9,17.5,3.9,1.9,0.6,0.1,1.5,6.0,12.7,2.6,3.0,2022-01-13
Christian Wood,70.0,1.5,19.1,10.8,2.2,0.5,1.2,1.9,7.4,15.4,2.8,4.4,2022-01-13
Andrew Wiggins,74.0,2.1,18.9,4.7,2.0,0.9,0.7,1.7,7.0,14.4,2.7,3.8,2022-01-13
Marcus Smart,70.0,1.4,10.1,3.4,5.7,1.7,0.5,1.9,3.4,8.1,1.9,2.4,2022-01-13
Al Horford,68.0,1.0,10.3,7.2,3.4,0.5,1.2,1.0,3.9,8.8,1.5,1.8,2022-01-13
Aaron Gordon,72.0,1.1,14.4,6.1,2.5,0.8,0.7,2.1,5.5,10.5,2.2,2.9,2022-01-13
Gary Trent Jr.,70.0,2.8,17.7,2.7,2.1,1.4,0.2,1.0,6.7,15.7,1.4,1.7,2022-01-13
Robert Williams,68.0,0.0,9.2,8.6,1.3,0.6,1.5,1.2,4.0,5.6,1.2,1.9,2022-01-13
Josh Giddey,70.0,1.0,12.8,7.4,7.2,0.9,0.6,3.0,5.4,13.1,0.9,1.3,2022-01-13
Jonathan Isaac,20.0,0.8,9.6,5.1,1.1,1.2,1.6,1.1,3.7,8.3,1.4,1.8,2022-01-13
Dillon Brooks,67.0,1.7,19.8,3.8,2.3,1.0,0.2,1.9,7.3,17.0,3.5,4.0,2022-01-13
Mitchell Robinson,69.0,0.0,6.7,8.2,1.0,0.7,1.6,0.9,3.0,4.2,0.7,1.2,2022-01-13
Jalen Brunson,72.0,1.3,16.2,4.0,5.2,1.0,0.0,1.8,6.2,12.5,2.5,3.2,2022-01-13
Monte Morris,70.0,2.2,14.3,2.2,4.7,0.7,0.3,0.7,5.5,11.2,1.1,1.5,2022-01-13
Klay Thompson,45.0,2.8,17.5,3.0,1.8,0.8,0.5,1.1,6.7,14.6,1.3,1.6,2022-01-13
Seth Curry,70.0,2.2,16.9,2.4,2.1,0.7,0.2,1.5,6.5,12.4,1.6,1.9,2022-01-13
Zion Williamson,35.0,0.2,21.0,5.6,3.2,0.8,0.5,2.3,8.0,13.5,4.8,6.8,2022-01-13
Brook Lopez,20.0,1.5,9.4,4.6,0.6,0.7,1.5,0.8,3.2,6.9,1.6,1.8,2022-01-13
Saddiq Bey,76.0,2.6,15.3,5.9,2.6,1.0,0.2,1.1,5.0,12.4,2.6,3.2,2022-01-13
PJ Washington,65.0,2.0,10.9,5.3,2.3,0.7,1.0,1.3,3.7,7.8,1.6,2.1,2022-01-13
Cody Martin,47.0,1.4,9.4,4.5,3.0,1.4,0.5,0.7,3.4,7.0,1.2,1.7,2022-01-13
Alec Burks,71.0,2.0,14.4,4.9,2.6,1.0,0.2,1.2,5.0,11.8,2.4,2.8,2022-01-13
Ivica Zubac,77.0,0.0,9.7,7.6,1.7,0.6,1.1,1.2,3.8,6.5,2.0,2.7,2022-01-13
Spencer Dinwiddie,69.0,1.8,13.3,4.6,5.9,0.6,0.2,1.9,4.3,10.4,2.9,3.4,2022-01-13
Buddy Hield,76.0,3.6,15.5,3.6,1.8,1.0,0.4,2.0,5.1,13.0,1.7,2.0,2022-01-13
Alperen Sengun,70.0,0.5,10.5,5.8,3.0,1.0,0.9,2.3,4.0,8.0,2.0,2.5,2022-01-13
Royce O'Neale,75.0,1.5,7.1,5.4,2.7,1.2,0.7,1.0,2.5,5.5,0.6,0.7,2022-01-13
Caris LeVert,68.0,1.6,17.3,4.0,4.0,0.9,0.5,1.9,6.6,14.6,2.5,3.3,2022-01-13
Kelly Olynyk,48.0,1.4,12.2,5.3,2.7,1.1,0.7,1.7,4.5,10.0,1.8,2.3,2022-01-13
Harrison Barnes,72.0,2.2,15.2,5.7,2.1,0.7,0.2,1.6,5.0,11.1,3.0,3.6,2022-01-13
Alex Caruso,60.0,1.0,9.0,2.8,3.7,1.7,0.4,1.0,3.2,7.0,1.5,1.9,2022-01-13
Will Barton,70.0,2.2,15.7,5.4,4.0,0.8,0.4,2.0,6.2,14.4,1.0,1.4,2022-01-13
Jae'Sean Tate,76.0,0.8,12.1,6.2,3.4,1.1,0.6,1.9,4.9,10.0,1.4,2.0,2022-01-13
Michael Porter Jr.,9.0,1.5,14.1,6.4,1.4,1.1,0.5,1.3,5.5,12.0,1.5,2.0,2022-01-13
De'Anthony Melton,70.0,1.7,10.4,3.7,2.5,1.6,0.7,1.8,3.9,9.6,0.9,1.2,2022-01-13
Kyle Kuzma,73.0,1.8,17.0,8.1,2.7,0.6,0.6,2.5,6.6,14.5,2.1,3.0,2022-01-13
Danny Green,74.0,2.1,8.3,3.3,1.5,1.4,0.8,0.9,2.9,6.9,0.4,0.5,2022-01-13
Reggie Jackson,75.0,2.8,17.3,4.5,4.1,0.8,0.1,2.0,6.6,16.0,1.3,1.6,2022-01-13
Kevin Porter Jr.,70.0,2.0,14.7,4.8,6.5,1.2,0.3,3.8,5.3,13.0,2.1,3.0,2022-01-13
Dorian Finney-Smith,75.0,1.9,9.3,5.1,1.6,1.1,0.5,0.9,3.5,7.3,0.5,0.6,2022-01-13
Kelly Oubre Jr.,74.0,3.0,16.7,3.6,1.1,1.1,0.5,1.1,6.0,13.2,1.9,2.7,2022-01-13
Patrick Beverley,67.0,1.4,7.7,3.1,4.5,1.0,0.9,1.1,2.7,6.0,1.0,1.3,2022-01-13
Tim Hardaway Jr.,77.0,3.0,15.2,3.5,1.8,0.9,0.2,1.0,5.1,12.0,2.0,2.5,2022-01-13
Josh Hart,67.0,0.7,11.4,8.0,3.9,0.8,0.3,1.9,4.4,8.8,2.0,2.6,2022-01-13
Isaiah Stewart,73.0,0.3,9.2,9.6,1.1,0.6,1.0,1.2,3.9,7.3,1.1,1.6,2022-01-13
Luguentz Dort,70.0,2.8,17.3,4.1,1.8,0.8,0.3,1.6,5.9,14.2,2.7,3.3,2022-01-13
Kentavious Caldwell-Pope,64.0,2.0,9.9,3.7,1.4,1.3,0.4,1.2,3.2,7.6,1.5,1.7,2022-01-13
Bogdan Bogdanovic,61.0,1.9,12.1,3.4,3.1,0.8,0.3,0.9,4.7,10.1,0.8,0.9,2022-01-13
Pat Connaughton,71.0,2.4,11.4,4.6,1.4,1.0,0.3,0.8,4.2,9.0,0.6,0.8,2022-01-13
Keldon Johnson,74.0,1.7,16.7,6.5,2.0,0.8,0.2,1.2,6.4,13.1,2.1,3.1,2022-01-13
Thomas Bryant,38.0,0.8,12.9,5.5,1.4,0.4,0.7,1.0,5.3,8.2,1.4,2.2,2022-01-13
JaVale McGee,62.0,0.0,10.7,7.2,0.8,0.5,1.0,1.5,4.8,7.3,1.1,1.7,2022-01-13
Dewayne Dedmon,60.0,0.2,10.2,8.5,1.1,0.7,0.5,1.5,4.1,6.9,1.9,2.4,2022-01-13
Carmelo Anthony,72.0,2.6,12.7,3.5,1.1,0.8,0.6,1.0,4.3,9.9,1.6,1.9,2022-01-13
P.J. Tucker,77.0,1.1,8.6,6.3,2.2,0.7,0.6,1.1,3.5,6.8,0.6,0.7,2022-01-13
Victor Oladipo,35.0,1.9,15.5,3.9,3.7,1.1,0.3,2.0,5.5,13.1,2.5,3.3,2022-01-13
Jalen Suggs,53.0,1.3,12.9,3.9,4.5,1.3,0.4,3.0,5.0,12.1,1.6,2.0,2022-01-13
Steven Adams,68.0,0.0,7.4,9.4,2.8,1.0,0.8,1.3,3.0,5.8,1.4,2.1,2022-01-13
Eric Gordon,60.0,2.3,14.9,1.8,3.3,0.6,0.4,1.6,5.3,11.0,2.0,2.6,2022-01-13
Devonte' Graham,70.0,3.2,14.8,2.6,4.2,1.1,0.1,1.9,5.1,13.9,1.4,1.7,2022-01-13
Immanuel Quickley,70.0,2.2,12.6,2.3,3.9,0.5,0.2,1.6,4.2,9.7,2.0,2.1,2022-01-13
Ricky Rubio,40.0,1.4,11.8,4.1,6.4,1.2,0.1,2.8,4.2,11.7,2.1,2.4,2022-01-13
Deni Avdija,68.0,1.0,9.1,5.8,1.9,0.9,1.0,0.7,3.7,8.1,0.7,1.0,2022-01-13
Isaiah Hartenstein,60.0,0.0,8.1,4.8,2.0,0.7,1.2,1.0,3.3,5.1,1.4,2.1,2022-01-13
Jae Crowder,72.0,2.0,9.8,4.5,2.0,1.1,0.4,0.9,3.4,7.8,1.0,1.3,2022-01-13
Nerlens Noel,70.0,0.0,5.1,6.5,0.8,1.0,1.4,1.1,2.0,3.9,1.1,1.5,2022-01-13
T.J. Warren,40.0,1.1,16.7,3.4,1.3,0.5,0.4,1.1,6.8,13.0,1.9,2.4,2022-01-13
Nassir Little,68.0,1.0,8.9,6.0,0.8,0.9,0.7,1.0,3.2,6.6,1.5,1.9,2022-01-13
T.J. McConnell,76.0,0.7,8.8,3.4,5.0,1.1,0.3,1.8,3.8,7.5,0.5,0.6,2022-01-13
Markelle Fultz,46.0,0.5,12.9,3.1,5.4,0.9,0.3,2.3,5.1,12.0,2.1,2.4,2022-01-13
Patty Mills,76.0,3.4,15.9,1.5,2.2,0.5,0.2,1.2,5.8,13.1,0.9,1.1,2022-01-13
Facundo Campazzo,73.0,1.4,7.9,1.9,4.7,1.2,0.3,1.0,2.7,6.4,1.1,1.3,2022-01-13
Otto Porter Jr.,69.0,1.5,8.0,5.0,1.6,0.9,0.6,0.7,2.7,6.0,1.0,1.2,2022-01-13
Gary Payton II,60.0,1.1,9.4,3.8,1.1,1.1,0.3,1.0,4.0,6.5,0.3,0.5,2022-01-13
Lauri Markkanen,68.0,2.2,13.4,5.0,1.2,0.7,0.4,1.0,4.6,10.8,1.9,2.4,2022-01-13
Kevin Huerter,71.0,1.9,11.6,3.0,3.1,0.8,0.3,1.0,4.5,9.6,0.6,0.8,2022-01-13
Evan Fournier,70.0,2.3,14.5,3.0,2.0,0.8,0.3,1.5,5.1,11.6,2.1,2.6,2022-01-13
Nicolas Batum,62.0,1.8,8.0,4.0,1.7,0.9,0.6,0.7,2.8,5.8,0.6,0.8,2022-01-13
Dennis Schroder,74.0,1.4,15.8,2.9,4.2,0.7,0.2,2.2,5.8,13.9,2.8,3.3,2022-01-13
Bruce Brown,71.0,0.3,8.7,5.3,1.6,1.4,0.4,0.8,3.6,6.9,1.3,1.8,2022-01-13
Maxi Kleber,70.0,1.4,7.7,5.7,1.8,0.7,0.7,0.6,2.8,6.4,0.7,0.9,2022-01-13
Derrick Rose,65.0,0.9,12.1,2.2,3.6,0.9,0.3,1.4,4.7,10.5,1.9,2.2,2022-01-13
Jordan Clarkson,74.0,2.2,15.2,4.0,2.1,0.9,0.1,1.7,5.6,13.7,1.8,2.1,2022-01-13
Chuma Okeke,64.0,1.2,10.2,4.7,1.9,1.2,0.5,1.2,4.0,9.7,1.0,1.2,2022-01-13
Marcus Morris Sr.,71.0,2.0,12.0,4.6,1.9,0.5,0.6,1.9,4.5,10.3,1.0,1.2,2022-01-13
Kyle Anderson,75.0,1.0,8.5,4.3,2.5,0.8,0.8,1.0,3.0,6.7,1.5,1.9,2022-01-13
Chris Duarte,71.0,2.0,13.2,3.8,2.3,1.0,0.2,2.0,5.0,11.5,1.2,1.5,2022-01-13
Cedi Osman,72.0,2.0,11.8,3.7,2.1,1.1,0.3,1.0,4.3,10.1,1.3,1.7,2022-01-13
Montrezl Harrell,68.0,0.1,11.8,6.7,1.8,0.4,0.6,1.1,4.8,7.9,2.1,2.9,2022-01-13
Jalen Green,73.0,2.2,16.2,3.6,3.1,0.7,0.3,2.5,6.0,14.5,2.0,2.5,2022-01-13
Nicolas Claxton,67.0,0.0,9.2,6.7,1.2,0.6,1.4,0.8,4.0,6.0,1.3,2.4,2022-01-13
Chimezie Metu,50.0,0.7,9.6,5.7,1.0,1.0,1.0,1.3,3.7,8.5,1.5,2.0,2022-01-13
Andre Drummond,74.0,0.0,7.6,9.4,1.4,1.1,0.9,1.5,3.0,6.2,1.6,2.5,2022-01-13
Cam Reddish,71.0,1.6,11.8,3.5,1.2,1.3,0.3,1.9,4.1,10.1,1.9,2.2,2022-01-13
Terance Mann,70.0,1.0,10.1,5.4,2.2,0.8,0.2,1.1,4.0,8.5,1.1,1.3,2022-01-13
Joe Harris,58.0,2.7,11.4,3.5,1.8,0.7,0.2,0.9,4.0,9.1,0.7,0.9,2022-01-13
Devin Vassell,72.0,1.2,10.9,3.7,1.3,1.0,0.6,0.8,4.5,10.0,0.8,1.0,2022-01-13
Isaac Okoro,74.0,1.6,12.1,4.2,2.0,0.9,0.3,1.2,4.4,9.9,1.7,2.2,2022-01-13
Eric Bledsoe,76.0,0.9,8.7,3.2,3.2,1.0,0.5,1.3,3.3,7.7,1.2,1.5,2022-01-13
Collin Sexton,11.0,1.2,16.6,2.3,2.2,0.8,0.2,2.0,6.0,13.0,3.4,4.3,2022-01-13
Jaden McDaniels,75.0,1.5,10.0,4.8,1.4,0.7,0.8,0.9,3.7,8.8,1.1,1.4,2022-01-13
DeMarcus Cousins,50.0,0.8,9.5,6.6,1.6,0.8,0.6,1.7,3.5,7.9,1.5,2.1,2022-01-13
Rui Hachimura,70.0,0.8,14.0,5.6,1.4,0.8,0.1,1.2,5.5,11.6,2.2,2.9,2022-01-13
Duncan Robinson,80.0,2.8,11.3,3.6,1.7,0.5,0.3,1.1,3.8,9.1,0.9,1.0,2022-01-13
Talen Horton-Tucker,68.0,0.9,10.4,3.1,2.9,1.1,0.4,1.9,3.9,9.0,1.8,2.1,2022-01-13
Garrison Mathews,37.0,2.5,10.9,2.9,0.7,0.9,0.4,0.7,3.6,8.3,1.2,1.5,2022-01-13
Donte DiVincenzo,58.0,1.7,9.0,5.0,2.7,1.0,0.2,1.2,3.3,7.8,0.7,1.0,2022-01-13
Chris Boucher,64.0,1.1,9.3,5.1,0.8,0.4,1.1,0.9,3.4,7.1,1.4,2.0,2022-01-13
Shake Milton,71.0,1.0,10.4,2.2,2.8,0.9,0.4,1.1,4.1,9.1,1.3,1.5,2022-01-13
Khem Birch,64.0,0.1,7.7,5.9,1.3,0.9,0.8,0.7,3.1,6.2,1.4,1.9,2022-01-13
Nickeil Alexander-Walker,71.0,2.1,12.9,4.0,2.3,0.9,0.4,1.5,4.8,11.8,1.2,1.7,2022-01-13
Cameron Payne,70.0,1.1,9.8,2.9,4.4,0.7,0.3,1.2,3.9,9.1,1.0,1.1,2022-01-13
Goran Dragic,44.0,1.6,11.5,3.0,3.9,0.6,0.1,2.2,4.0,9.3,1.8,2.2,2022-01-13
Grant Williams,60.0,1.6,8.0,4.0,1.2,0.4,0.7,1.0,2.8,5.6,0.9,1.1,2022-01-13
Cameron Johnson,72.0,2.2,10.8,3.8,1.2,0.7,0.3,0.8,3.8,9.0,0.9,1.1,2022-01-13
John Wall,26.0,1.2,12.5,2.0,4.5,0.8,0.5,2.2,4.4,10.5,2.5,3.3,2022-01-13
Josh Richardson,67.0,1.1,10.3,2.7,1.4,0.7,0.5,1.1,3.9,8.3,1.4,1.7,2022-01-13
Rajon Rondo,48.0,1.1,7.1,3.9,6.6,1.1,0.2,2.8,2.7,7.6,0.6,0.9,2022-01-13
Max Strus,55.0,2.4,11.1,3.2,1.1,0.5,0.1,0.6,4.0,8.3,0.8,1.0,2022-01-13
Terence Davis,61.0,1.9,11.2,3.3,1.3,0.8,0.4,1.5,4.2,9.7,0.8,1.1,2022-01-13
Kemba Walker,48.0,1.7,10.6,2.1,3.2,1.0,0.2,1.5,4.0,9.6,0.8,1.0,2022-01-13
Bones Hyland,65.0,2.0,11.3,1.7,2.0,0.6,0.2,1.4,3.9,9.1,1.5,1.6,2022-01-13
RJ Barrett,75.0,2.0,16.0,5.9,2.1,0.4,0.3,2.2,5.8,13.6,2.4,3.3,2022-01-13
Jeff Green,70.0,1.3,10.5,3.8,1.6,0.5,0.4,0.8,3.7,7.6,1.8,2.2,2022-01-13
Grayson Allen,68.0,2.4,9.2,3.1,1.4,0.6,0.3,0.6,3.0,7.1,0.8,1.0,2022-01-13
Matisse Thybulle,62.0,0.7,5.2,1.9,1.0,1.3,0.9,0.7,2.1,4.8,0.2,0.3,2022-01-13
Marquese Chriss,31.0,0.0,6.0,8.0,0.0,0.0,1.0,0.0,3.0,5.0,0.0,0.0,2022-01-13
Luke Kennard,66.0,2.4,11.0,2.9,2.2,0.6,0.1,0.9,4.0,9.3,0.6,0.7,2022-01-13
Dennis Smith Jr.,55.0,0.7,7.2,2.5,4.0,1.1,0.6,2.2,2.6,6.0,1.4,1.8,2022-01-13
Gabe Vincent,68.0,1.8,9.5,2.3,2.4,0.9,0.3,1.4,3.5,8.1,0.7,0.9,2022-01-13
Brandon Clarke,70.0,0.0,8.6,4.9,1.3,0.4,0.8,0.5,3.8,6.1,1.1,1.6,2022-01-13
Joe Ingles,71.0,1.7,7.7,3.3,3.5,0.6,0.2,1.1,2.7,6.2,0.5,0.6,2022-01-13
Danilo Gallinari,65.0,1.4,9.4,4.0,1.0,0.4,0.1,1.0,2.8,6.6,2.3,2.4,2022-01-13
Kevon Looney,69.0,0.1,6.8,6.0,1.7,0.6,0.8,0.6,3.1,5.7,0.5,0.8,2022-01-13
Kenrich Williams,60.0,0.9,7.8,3.9,2.2,1.0,0.3,1.2,3.2,5.9,0.6,1.0,2022-01-13
Marvin Bagley III,49.0,0.6,9.6,7.6,1.3,0.3,0.5,0.9,3.9,7.8,1.2,1.7,2022-01-13
Kendrick Nunn,74.0,1.5,10.0,2.2,1.8,0.7,0.2,1.0,3.9,8.0,0.7,0.8,2022-01-13
Malik Beasley,70.0,2.7,11.3,3.0,1.6,0.6,0.1,1.1,3.7,8.9,1.1,1.4,2022-01-13
Hassan Whiteside,72.0,0.0,8.3,6.5,0.6,0.3,1.4,1.1,3.5,6.2,1.3,2.2,2022-01-13
Tyus Jones,70.0,0.8,8.0,2.3,4.9,0.8,0.1,0.9,3.3,7.7,0.7,0.8,2022-01-13
Andre Iguodala,30.0,0.7,4.7,3.8,3.5,0.7,0.7,1.3,1.8,4.3,0.3,0.4,2022-01-13
Larry Nance Jr.,68.0,0.4,6.9,5.9,2.0,1.1,0.5,1.2,2.9,5.9,0.8,1.3,2022-01-13
Mason Plumlee,60.0,0.0,6.5,6.8,2.1,0.6,0.9,1.2,2.5,4.3,1.5,2.4,2022-01-13
Obi Toppin,73.0,0.6,10.1,4.4,1.0,0.3,0.7,0.9,4.0,7.7,1.5,1.9,2022-01-13
Killian Hayes,68.0,0.9,7.5,2.8,4.1,1.0,0.4,2.0,2.6,7.4,1.5,1.7,2022-01-13
Daniel Theis,60.0,0.7,8.0,5.0,1.6,0.6,0.8,0.9,3.2,6.6,1.0,1.5,2022-01-13
Willy Hernangomez,61.0,0.2,7.9,5.9,1.4,0.4,0.4,1.2,3.3,5.2,1.1,1.5,2022-01-13
Darius Bazley,70.0,1.0,9.7,6.4,1.3,0.7,1.0,1.6,3.6,9.1,1.6,2.3,2022-01-13
George Hill,70.0,1.0,7.3,1.6,2.9,0.8,0.2,0.8,2.5,5.2,1.2,1.4,2022-01-13
Naz Reid,76.0,0.8,8.4,4.3,0.9,0.5,1.0,0.9,3.0,6.3,1.5,2.1,2022-01-13
Caleb Martin,60.0,1.1,9.0,3.2,1.4,0.9,0.7,0.7,3.3,6.8,1.3,2.0,2022-01-13
Trevor Ariza,38.0,1.3,7.4,3.6,1.3,0.7,0.4,0.5,2.6,6.0,0.9,1.1,2022-01-13
Haywood Highsmith,11.0,3.0,9.0,1.0,0.0,0.0,0.0,0.0,3.0,4.0,0.0,0.0,2022-01-13
Derrick Walton Jr.,11.0,0.0,0.0,4.0,6.0,1.0,2.0,2.0,0.0,5.0,0.0,0.0,2022-01-13
KJ Martin Jr.,62.0,0.7,7.9,4.6,0.9,0.6,0.8,0.7,3.1,6.0,1.1,1.6,2022-01-13
Justin Holiday,68.0,2.1,10.2,3.0,1.5,0.5,0.5,0.7,3.6,8.8,0.8,1.1,2022-01-13
Trey Lyles,60.0,1.1,10.5,5.7,0.7,0.4,0.4,0.5,3.6,8.0,2.1,2.7,2022-01-13
Coby White,62.0,1.5,10.9,2.9,2.6,0.5,0.2,1.4,4.0,9.6,1.4,1.6,2022-01-13
Davion Mitchell,70.0,1.3,10.7,2.5,3.4,0.9,0.2,1.3,4.1,10.0,1.1,1.6,2022-01-13
James Wiseman,48.0,0.3,11.8,5.9,0.7,0.3,0.9,1.5,5.0,9.7,1.4,2.3,2022-01-13
Yuta Watanabe,20.0,1.2,6.9,3.6,1.0,0.6,0.7,0.3,2.3,5.7,1.0,1.3,2022-01-13
Davon Reed,36.0,0.5,3.2,3.8,1.3,1.5,0.2,0.3,1.2,3.2,0.3,0.3,2022-01-13
Terrence Ross,68.0,1.5,11.7,2.8,2.2,0.6,0.3,1.7,4.1,10.5,2.0,2.3,2022-01-13
Frank Kaminsky,40.0,0.9,8.4,5.0,2.1,0.4,0.5,0.6,3.2,6.8,1.1,1.6,2022-01-13
Lonnie Walker IV,74.0,1.5,11.1,2.7,2.7,0.7,0.3,1.5,4.2,10.2,1.1,1.4,2022-01-13
Juan Toscano-Anderson,68.0,0.6,5.0,4.0,2.5,0.6,0.5,1.1,2.0,3.9,0.4,0.5,2022-01-13
Patrick Williams,5.0,0.7,7.9,3.9,1.2,0.8,0.5,1.2,3.1,6.3,1.1,1.5,2022-01-13
Tre Mann,68.0,1.2,9.4,3.4,1.2,1.0,0.2,1.2,3.6,8.6,1.0,1.2,2022-01-13
Saben Lee,40.0,0.5,6.6,2.2,4.0,1.1,0.3,1.2,2.3,5.3,1.4,2.0,2022-01-13
Thaddeus Young,50.0,0.1,6.5,3.4,2.3,0.9,0.5,1.1,2.9,5.3,0.5,0.9,2022-01-13
Hamidou Diallo,70.0,0.5,11.6,3.8,0.9,0.7,0.5,1.6,4.4,8.7,2.2,3.1,2022-01-13
Kyle Guy,21.0,1.5,9.3,2.4,2.4,1.0,0.2,1.2,3.6,8.4,0.6,0.9,2022-01-13
Jeremy Lamb,60.0,0.8,7.3,2.7,1.1,0.7,0.5,0.5,2.5,5.8,1.5,1.7,2022-01-13
Cory Joseph,68.0,0.6,6.8,2.1,3.8,0.8,0.3,1.4,2.6,6.0,1.0,1.2,2022-01-13
Rudy Gay,68.0,1.6,8.7,4.6,1.1,0.5,0.4,0.9,3.1,7.0,1.0,1.4,2022-01-13
Jordan Nwora,68.0,1.3,8.2,4.5,1.0,0.4,0.5,1.1,3.0,6.5,1.0,1.2,2022-01-13
Frank Jackson,60.0,2.0,11.7,1.5,1.4,0.4,0.2,1.0,4.0,9.4,1.6,1.8,2022-01-13
Alex Len,56.0,0.5,6.3,4.4,0.9,0.3,1.1,1.0,2.2,4.2,1.3,2.0,2022-01-13
Onyeka Okongwu,40.0,0.0,6.0,3.8,0.5,0.6,0.8,0.7,2.4,4.0,1.2,1.7,2022-01-13
De'Andre Hunter,35.0,1.1,10.0,3.2,0.9,0.6,0.4,1.1,4.0,8.8,0.9,1.2,2022-01-13
Jeremiah Robinson-Earl,65.0,1.0,8.0,6.1,0.9,0.5,0.4,1.0,3.4,8.0,0.3,0.5,2022-01-13
Oshae Brissett,60.0,1.0,6.7,3.5,0.6,0.6,0.6,0.3,2.3,4.6,1.0,1.5,2022-01-13
Armoni Brooks,43.0,1.9,7.2,1.8,1.9,0.7,0.2,0.8,2.3,5.8,0.8,0.9,2022-01-13
Isaiah Thomas,21.0,1.9,12.1,1.5,2.6,0.6,0.1,2.1,4.3,10.4,1.6,2.0,2022-01-13
Dwight Howard,74.0,0.2,5.3,5.7,0.7,0.7,0.8,1.0,1.9,2.9,1.3,2.2,2022-01-13
JaMychal Green,70.0,0.7,6.4,4.3,1.0,0.8,0.4,0.8,2.5,5.8,0.7,0.9,2022-01-13
Blake Griffin,60.0,0.9,9.2,3.5,2.1,0.7,0.5,0.9,3.7,9.0,0.9,1.2,2022-01-13
Xavier Tillman,67.0,0.3,6.7,3.6,1.1,1.0,0.5,0.8,3.0,6.3,0.5,0.7,2022-01-13
Greg Monroe,11.0,0.0,5.3,4.4,2.9,0.3,0.5,1.0,2.5,4.4,0.4,0.6,2022-01-13
Isaiah Roby,60.0,0.5,7.0,4.0,0.9,0.6,0.6,1.0,2.7,5.5,1.1,1.5,2022-01-13
Avery Bradley,45.0,1.4,6.4,2.7,0.9,0.9,0.2,0.4,2.3,5.4,0.5,0.6,2022-01-13
Torrey Craig,62.0,0.8,5.9,3.7,1.1,0.6,0.3,0.7,2.3,4.8,0.4,0.5,2022-01-13
Dean Wade,55.0,1.2,5.9,3.1,1.1,0.7,0.3,0.5,2.1,4.5,0.5,0.6,2022-01-13
Jaxson Hayes,67.0,0.3,6.6,3.7,0.5,0.4,0.5,0.6,2.5,4.1,1.3,1.7,2022-01-13
Kira Lewis Jr,24.0,0.8,7.5,1.6,2.7,0.8,0.2,0.7,2.9,7.2,1.0,1.1,2022-01-13
Josh Christopher,44.0,0.9,9.4,1.9,2.4,0.8,0.0,3.0,3.7,7.6,1.1,1.4,2022-01-13
Khyri Thomas,26.0,0.7,6.3,1.5,2.0,0.7,0.5,0.5,2.4,5.4,0.7,1.0,2022-01-13
DeAndre' Bembry,60.0,0.3,6.3,3.3,1.2,0.8,0.5,1.0,2.5,4.7,0.9,1.4,2022-01-13
Landry Shamet,70.0,1.8,8.3,2.1,1.4,0.4,0.2,0.7,2.7,6.6,1.0,1.1,2022-01-13
Taj Gibson,50.0,0.1,3.8,4.9,0.7,0.6,0.8,0.4,1.5,3.3,0.8,1.0,2022-01-13
Enes Freedom,47.0,0.0,5.9,6.2,0.7,0.3,0.6,0.6,2.5,5.0,1.0,1.3,2022-01-13
Doug McDermott,74.0,2.1,11.2,2.7,1.3,0.3,0.1,0.8,4.3,9.2,0.6,0.9,2022-01-13
Robin Lopez,34.0,0.1,8.5,4.1,1.0,0.2,0.6,1.0,3.6,6.0,1.2,1.8,2022-01-13
DeAndre Jordan,60.0,0.0,4.6,5.3,1.1,0.3,1.0,1.1,2.0,3.1,0.6,1.1,2022-01-13
Dwight Powell,68.0,0.1,5.7,4.3,1.2,0.6,0.5,0.7,2.0,3.5,1.6,2.2,2022-01-13
Gary Harris,60.0,1.3,10.8,1.4,2.0,0.7,0.2,1.2,4.0,9.7,1.5,2.0,2022-01-13
Mike Muscala,52.0,1.6,8.2,3.2,0.7,0.2,0.3,0.5,2.9,6.5,0.8,0.9,2022-01-13
Jalen McDaniels,64.0,1.3,6.9,2.8,0.9,0.5,0.3,0.8,2.4,4.7,0.8,1.1,2022-01-13
Wayne Ellington,69.0,2.1,7.0,1.5,1.1,0.7,0.2,0.5,2.2,5.4,0.4,0.6,2022-01-13
Omer Yurtseven,54.0,0.1,8.0,8.8,0.6,0.3,0.6,1.5,3.5,7.6,0.9,1.4,2022-01-13
Stanley Johnson,11.0,1.0,6.6,1.8,1.0,0.7,0.0,0.0,2.0,4.0,1.6,2.0,2022-01-13
Aleksej Pokusevski,70.0,1.0,6.5,3.8,1.4,0.5,0.6,1.4,2.4,6.3,0.6,0.8,2022-01-13
Tony Bradley,70.0,0.0,5.2,4.2,0.7,0.3,0.5,0.6,2.3,3.4,0.7,0.9,2022-01-13
Amir Coffey,54.0,1.2,7.4,3.1,1.5,0.6,0.2,0.6,2.5,5.5,1.3,1.8,2022-01-13
Gorgui Dieng,54.0,0.6,4.5,5.9,0.9,0.3,0.3,0.6,1.5,3.0,1.0,1.3,2022-01-13
Bryn Forbes,68.0,1.8,9.4,1.3,1.1,0.3,0.0,0.6,3.4,7.5,0.8,0.9,2022-01-13
Georges Niang,61.0,1.7,9.2,2.1,1.2,0.3,0.3,0.5,3.7,8.4,0.2,0.2,2022-01-13
Damion Lee,50.0,1.1,8.3,3.5,1.0,0.4,0.1,0.6,3.2,7.3,0.8,1.0,2022-01-13
David Duke Jr.,34.0,0.3,6.3,5.5,1.5,1.0,0.5,0.5,2.5,8.0,1.0,1.3,2022-01-13
Serge Ibaka,64.0,0.6,6.8,4.3,1.2,0.1,0.5,0.9,2.7,5.7,0.7,0.8,2022-01-13
D.J. Augustin,60.0,1.2,6.4,1.4,2.7,0.4,0.0,0.9,2.0,4.7,1.2,1.4,2022-01-13
Derrick Jones Jr.,70.0,0.6,7.3,2.8,0.6,0.5,0.7,0.5,3.0,6.1,0.8,1.3,2022-01-13
Wesley Matthews,34.0,1.2,5.9,1.7,0.4,0.6,0.4,0.6,2.3,5.0,0.1,0.2,2022-01-13
Moritz Wagner,30.0,1.0,5.8,2.6,0.9,0.5,0.3,0.8,1.9,4.1,1.1,1.4,2022-01-13
Miles McBride,32.0,1.0,6.6,1.5,2.3,0.7,0.1,1.0,2.6,6.0,0.6,0.7,2022-01-13
Jeff Teague,70.0,0.7,6.4,1.5,2.3,0.6,0.2,1.1,2.1,5.0,1.5,1.8,2022-01-13
B.J. Johnson,31.0,1.0,5.0,4.0,0.0,0.0,1.0,0.0,2.0,5.0,0.0,0.0,2022-01-13
Raul Neto,63.0,0.5,7.7,2.2,2.5,0.7,0.1,1.1,3.2,7.0,0.8,1.1,2022-01-13
Furkan Korkmaz,71.0,1.2,8.4,2.9,2.2,0.6,0.2,0.9,3.1,8.2,1.2,1.5,2022-01-13
Tristan Thompson,71.0,0.0,7.6,6.3,0.9,0.4,0.4,1.1,3.3,6.3,1.0,1.6,2022-01-13
Malik Newman,11.0,0.0,8.0,1.0,1.0,0.0,0.0,1.0,3.0,5.0,2.0,2.0,2022-01-13
Derrick Favors,60.0,0.0,5.9,5.0,0.7,0.6,0.4,0.6,2.5,5.0,1.0,1.4,2022-01-13
D.J. Wilson,11.0,0.0,5.6,4.0,2.0,0.5,0.4,1.0,2.0,4.0,1.5,2.0,2022-01-13
Markieff Morris,64.0,1.0,6.9,3.6,1.2,0.4,0.3,0.9,2.7,6.1,0.6,0.8,2022-01-13
Josh Jackson,60.0,0.9,6.9,3.0,1.3,0.6,0.6,1.7,2.5,6.0,1.2,1.6,2022-01-13
Garrett Temple,60.0,0.9,5.5,2.1,1.6,0.6,0.4,0.7,2.1,5.0,0.5,0.7,2022-01-13
Svi Mykhailiuk,46.0,1.0,6.3,3.6,1.0,0.6,0.1,1.0,2.1,5.3,1.0,1.2,2022-01-13
Payton Pritchard,72.0,1.3,5.8,1.9,1.9,0.5,0.1,0.6,2.0,4.7,0.5,0.6,2022-01-13
Juwan Morgan,11.0,1.0,5.0,4.0,1.0,0.0,0.0,0.0,2.0,3.0,0.0,0.0,2022-01-13
Ben McLemore,58.0,1.9,7.3,1.6,0.6,0.3,0.2,0.7,2.4,5.4,0.7,0.8,2022-01-13
Trey Murphy III,70.0,1.2,5.8,1.9,0.8,0.5,0.3,0.6,2.1,4.7,0.5,0.6,2022-01-13
Trey Burke,48.0,0.9,7.7,0.9,1.3,0.5,0.1,0.5,3.0,6.7,0.9,1.0,2022-01-13
JJ Redick,60.0,1.6,7.7,1.6,1.2,0.3,0.1,0.8,2.5,6.3,1.1,1.2,2022-01-13
John Konchar,44.0,0.5,5.2,3.5,1.5,0.5,0.1,1.0,2.1,4.1,0.4,0.6,2022-01-13
Reggie Bullock,74.0,1.4,6.9,2.7,1.2,0.4,0.2,0.6,2.5,6.4,0.6,0.7,2022-01-13
Kessler Edwards,32.0,1.1,6.3,2.5,0.9,0.3,0.4,0.9,2.5,5.7,0.1,0.1,2022-01-13
Kent Bazemore,67.0,0.8,4.9,2.3,0.8,0.8,0.3,0.8,1.7,4.1,0.8,1.0,2022-01-13
Tomas Satoransky,67.0,0.4,4.8,1.5,3.0,0.4,0.1,1.1,1.8,3.8,0.8,0.9,2022-01-13
Aaron Holiday,30.0,0.6,6.3,1.5,2.0,0.5,0.3,1.3,2.6,5.4,0.6,0.8,2022-01-13
Cassius Stanley,11.0,1.0,5.5,2.0,2.0,0.6,0.2,0.0,1.5,4.0,1.5,2.0,2022-01-13
Tremont Waters,11.0,1.2,5.2,1.7,3.4,0.7,0.0,2.3,1.7,5.0,0.6,0.7,2022-01-13
Josh Okogie,68.0,0.3,4.0,2.7,1.1,0.9,0.5,0.7,1.7,4.3,0.4,0.6,2022-01-13
Brandon Knight,12.0,1.0,6.0,2.0,1.5,0.0,0.0,1.0,1.5,4.0,2.0,2.0,2022-01-13
Nemanja Bjelica,62.0,0.9,6.1,3.0,1.7,0.4,0.2,0.8,2.2,4.9,0.8,1.1,2022-01-13
Justin Anderson,12.0,1.0,5.5,2.5,2.0,0.5,0.0,1.0,2.0,3.0,0.5,1.0,2022-01-13
Javonte Green,45.0,0.6,5.0,4.2,0.8,0.2,0.4,0.2,1.8,3.7,0.8,1.1,2022-01-13
Ish Smith,68.0,0.5,6.1,1.9,2.9,0.5,0.2,0.8,2.5,6.0,0.5,0.8,2022-01-13
Taurean Prince,70.0,0.7,6.2,2.7,1.5,0.5,0.5,0.8,2.3,6.1,0.8,1.1,2022-01-13
Bismack Biyombo,68.0,0.0,4.7,5.0,1.1,0.3,1.0,1.0,2.1,3.5,0.7,1.5,2022-01-13
Cheick Diallo,12.0,0.0,5.5,4.5,0.0,0.5,0.0,0.5,1.5,3.0,2.5,3.0,2022-01-13
PJ Dozier,18.0,0.7,5.8,2.8,1.4,0.5,0.3,0.7,2.2,5.6,0.6,0.8,2022-01-13
James Ennis III,31.0,1.0,3.0,4.0,0.0,1.0,1.0,0.0,1.0,6.0,0.0,0.0,2022-01-13
Cameron Thomas,60.0,1.0,8.1,2.6,1.3,0.3,0.1,1.1,3.2,7.4,0.7,0.8,2022-01-13
Naji Marshall,50.0,0.6,4.9,3.2,1.9,0.6,0.2,0.8,1.5,3.8,1.2,1.6,2022-01-13
Sterling Brown,50.0,0.8,5.3,3.3,1.0,0.6,0.1,0.8,2.0,4.7,0.6,0.8,2022-01-13
R.J. Hampton,64.0,0.8,7.7,3.9,2.2,0.4,0.2,1.4,2.9,6.9,1.2,1.8,2022-01-13
Drew Eubanks,60.0,0.0,4.3,3.5,0.6,0.2,0.7,0.9,1.8,3.4,0.8,1.1,2022-01-13
Moses Moody,65.0,0.9,6.6,2.0,0.9,0.5,0.3,0.8,2.4,5.8,0.8,1.0,2022-01-13
Lou Williams,50.0,0.6,6.3,1.2,1.9,0.4,0.1,0.9,2.2,5.1,1.3,1.4,2022-01-13
Aron Baynes,20.0,0.4,5.3,4.5,0.8,0.3,0.3,0.8,2.2,4.9,0.5,0.7,2022-01-13
Boban Marjanovic,44.0,0.0,5.8,4.8,0.4,0.1,0.3,0.5,2.3,4.6,1.1,1.4,2022-01-13
Zeke Nnaji,42.0,1.0,5.7,2.8,0.3,0.2,0.4,0.8,2.1,4.6,0.4,0.6,2022-01-13
Yogi Ferrell,30.0,0.7,4.5,1.5,1.8,0.6,0.2,0.2,1.6,4.0,0.6,0.7,2022-01-13
Alfonzo McKinnie,31.0,2.0,6.0,0.0,1.0,0.0,1.0,1.0,2.0,6.0,0.0,0.0,2022-01-13
Hassani Gravett,31.0,2.0,6.0,2.0,3.0,0.0,0.0,2.0,2.0,5.0,0.0,0.0,2022-01-13
Precious Achiuwa,70.0,0.1,8.9,7.3,1.7,0.5,0.4,1.2,3.7,7.8,1.5,2.8,2022-01-13
Nick Richards,44.0,0.0,3.4,1.8,0.1,0.1,0.9,0.6,1.5,2.3,0.4,0.5,2022-01-13
David Nwaba,50.0,0.4,5.4,2.4,0.6,0.6,0.4,0.4,2.0,4.4,1.0,1.4,2022-01-13
Moe Harkless,70.0,0.5,4.2,2.4,1.1,0.5,0.5,0.6,1.5,3.5,0.8,1.1,2022-01-13
Freddie Gillespie,18.0,0.0,4.7,2.9,0.2,0.4,0.6,0.4,1.9,3.7,0.9,1.2,2022-01-13
Paul Reed,40.0,0.0,3.7,2.5,0.5,0.4,0.5,0.5,1.7,3.2,0.2,0.3,2022-01-13
Killian Tillie,30.0,0.9,4.1,1.6,0.5,0.4,0.5,0.1,1.3,3.3,0.6,0.7,2022-01-13
James Johnson,30.0,0.3,4.9,2.7,1.2,0.5,0.5,0.7,2.0,4.5,0.6,1.0,2022-01-13
Jalen Smith,45.0,0.5,5.5,3.3,0.2,0.0,0.5,0.7,2.2,4.6,0.6,0.7,2022-01-13
Kelan Martin,44.0,0.8,7.0,1.6,1.0,0.4,0.3,0.7,3.0,7.0,0.2,0.3,2022-01-13
Cody Zeller,68.0,0.1,5.0,3.6,0.9,0.3,0.2,0.5,2.0,3.6,0.9,1.3,2022-01-13
Malcolm Hill,12.0,0.0,2.0,1.5,0.0,0.5,0.0,0.0,0.0,0.0,2.0,2.0,2022-01-13
Aaron Wiggins,58.0,1.1,6.7,2.9,1.3,0.4,0.1,1.2,2.5,5.1,0.7,1.2,2022-01-13
KZ Okpala,57.0,0.6,4.5,2.2,0.6,0.4,0.4,0.5,1.7,3.6,0.5,0.7,2022-01-13
Damian Jones,40.0,0.1,4.6,3.6,0.7,0.1,0.4,0.3,1.7,3.0,1.0,1.4,2022-01-13
Kai Jones,30.0,0.1,4.3,2.6,0.1,0.4,0.7,0.8,1.9,3.4,0.5,0.8,2022-01-13
Jordan McLaughlin,64.0,0.4,2.9,2.1,3.0,0.6,0.1,1.0,1.0,2.9,0.4,0.6,2022-01-13
Delon Wright,68.0,0.4,3.4,1.5,1.6,0.6,0.2,0.5,1.2,3.0,0.6,0.7,2022-01-13
Abdel Nader,44.0,0.7,5.1,1.6,0.6,0.3,0.3,0.7,1.8,3.7,0.7,1.0,2022-01-13
Daishen Nix,12.0,0.5,5.3,1.5,2.0,0.5,0.0,1.5,2.4,4.9,0.1,0.2,2022-01-13
Keita Bates-Diop,44.0,0.3,3.3,2.8,0.0,0.5,0.5,0.8,1.5,3.5,0.0,0.0,2022-01-13
Goga Bitadze,54.0,0.3,3.2,2.1,0.5,0.1,0.8,0.3,1.1,2.5,0.6,0.9,2022-01-13
Timothe Luwawu-Cabarrot,62.0,1.1,5.4,1.8,1.0,0.5,0.1,0.6,1.8,5.1,0.5,0.6,2022-01-13
Ziaire Williams,64.0,0.7,6.4,1.9,0.9,0.5,0.2,0.9,2.5,6.2,0.6,0.8,2022-01-13
Dalano Banton,46.0,0.2,4.6,2.2,1.3,0.4,0.2,1.0,1.8,3.7,0.8,1.0,2022-01-13
Shaquille Harrison,31.0,0.0,4.5,4.0,3.0,0.5,0.3,2.0,2.0,6.0,0.5,0.7,2022-01-13
Tre Jones,60.0,0.2,4.3,1.0,1.8,0.3,0.0,0.7,1.6,3.5,0.8,0.8,2022-01-13
Dario Saric,5.0,0.5,5.0,2.2,0.7,0.3,0.1,0.6,1.8,3.9,1.0,1.1,2022-01-13
Jabari Parker,32.0,0.5,4.2,2.4,0.4,0.4,0.2,0.6,1.6,3.2,0.4,0.6,2022-01-13
Semi Ojeleye,58.0,1.1,5.3,2.9,0.8,0.3,0.0,0.4,1.7,4.2,0.9,1.1,2022-01-13
Tyler Cook,31.0,0.0,4.5,1.5,1.5,0.0,0.0,0.8,1.5,3.0,1.5,1.5,2022-01-13
Malachi Flynn,70.0,0.3,5.3,1.7,1.9,0.5,0.1,0.6,2.2,5.2,0.6,0.8,2022-01-13
Brandon Boston Jr,51.0,0.7,6.4,1.9,0.7,0.6,0.2,0.8,2.2,6.1,1.2,1.5,2022-01-13
Tyler Johnson,40.0,1.0,4.4,1.6,1.0,0.3,0.0,0.3,1.6,3.9,0.4,0.4,2022-01-13
Paul Millsap,58.0,0.5,3.9,2.5,0.7,0.4,0.3,0.6,1.5,3.3,0.5,0.7,2022-01-13
Danuel House Jr.,56.0,1.0,5.8,2.4,1.3,0.4,0.3,0.7,2.0,5.0,0.7,1.2,2022-01-13
Frank Ntilikina,30.0,1.0,3.9,1.4,1.4,0.7,0.2,0.8,1.3,3.4,0.3,0.6,2022-01-13
Austin Rivers,68.0,1.0,5.7,1.8,1.0,0.5,0.1,0.8,2.1,5.0,0.5,0.7,2022-01-13
Usman Garuba,50.0,0.2,3.0,2.6,0.4,0.4,0.9,0.8,1.3,3.1,0.3,0.7,2022-01-13
Michael Carter-Williams,22.0,0.3,5.8,3.0,2.7,0.5,0.3,1.4,2.2,5.7,1.1,1.7,2022-01-13
Romeo Langford,20.0,0.5,4.5,2.5,0.9,0.4,0.3,0.8,1.7,4.2,0.7,0.9,2022-01-13
Troy Brown Jr.,54.0,0.7,4.6,2.9,0.8,0.3,0.2,0.6,1.7,3.9,0.6,0.8,2022-01-13
Louis King,32.0,1.2,6.2,1.9,0.0,0.8,0.0,0.0,1.9,6.1,1.2,1.5,2022-01-13
Brad Wanamaker,43.0,0.4,4.2,1.4,2.0,0.2,0.4,1.2,1.3,3.7,1.1,1.3,2022-01-13
Jevon Carter,20.0,0.7,3.0,1.2,0.9,0.5,0.2,0.3,1.0,2.5,0.3,0.3,2022-01-13
Paul Watson,31.0,0.0,0.0,6.0,0.0,0.0,2.0,1.0,0.0,4.0,0.0,0.0,2022-01-13
Willie Cauley-Stein,51.0,0.0,3.3,3.1,0.5,0.3,0.6,0.4,1.4,2.4,0.6,1.1,2022-01-13
Ed Davis,37.0,0.0,2.1,3.9,0.1,0.3,0.4,0.4,1.0,1.4,0.1,0.3,2022-01-13
Thanasis Antetokounmpo,45.0,0.0,4.0,3.8,1.0,0.6,0.2,1.0,1.7,3.6,0.6,1.0,2022-01-13
Reggie Perry,11.0,0.0,4.0,3.0,1.0,0.0,0.0,0.0,2.0,3.0,0.0,0.0,2022-01-13
Tre Scott,12.0,0.0,3.0,1.0,0.0,0.5,0.5,0.0,1.5,3.0,0.0,0.0,2022-01-13
Davis Bertans,65.0,1.0,4.8,1.3,0.4,0.3,0.1,0.3,1.5,3.8,0.8,0.9,2022-01-13
Quentin Grimes,41.0,1.2,4.5,1.2,0.8,0.2,0.1,0.6,1.5,3.4,0.2,0.3,2022-01-13
Elfrid Payton,40.0,0.2,6.1,2.0,1.9,0.4,0.1,1.0,2.6,5.9,0.7,1.0,2022-01-13
Aaron Nesmith,56.0,0.8,4.1,2.4,0.4,0.3,0.2,0.4,1.5,3.3,0.4,0.5,2022-01-13
Dylan Windler,30.0,0.5,3.2,2.1,0.7,0.4,0.2,0.6,1.1,2.6,0.4,0.6,2022-01-13
Grant Riller,24.0,0.6,4.9,0.2,0.8,0.2,0.0,0.2,2.1,3.2,0.0,0.0,2022-01-13
Jaylen Nowell,40.0,0.7,5.0,1.3,0.8,0.3,0.2,0.4,1.9,4.4,0.6,0.7,2022-01-13
Rayjon Tucker,12.0,0.5,3.0,1.5,0.5,0.5,0.0,0.0,0.5,0.5,1.5,2.0,2022-01-13
Edmond Sumner,38.0,0.4,4.2,1.0,0.5,0.3,0.1,0.6,1.6,3.0,0.7,0.9,2022-01-13
Ayo Dosunmu,40.0,0.4,5.3,2.4,1.4,0.4,0.0,1.0,2.2,4.9,0.7,0.9,2022-01-13
Norvel Pelle,12.0,0.0,3.0,2.5,0.0,0.0,0.5,0.5,1.5,2.5,0.0,0.0,2022-01-13
Moses Brown,40.0,0.0,4.5,2.9,0.1,0.2,0.4,0.3,1.6,2.9,1.3,1.8,2022-01-13
Charles Bassey,33.0,0.3,2.9,1.6,0.3,0.2,0.4,0.6,1.2,2.0,0.2,0.2,2022-01-13
Brandon Goodwin,11.0,0.2,5.5,1.6,2.4,0.3,0.0,0.8,2.4,5.7,0.4,0.6,2022-01-13
Leandro Bolmaro,30.0,0.4,3.8,1.1,1.5,0.4,0.1,1.4,1.4,3.1,0.7,0.8,2022-01-13
Vlatko Cancar,33.0,0.7,3.7,0.3,1.3,0.3,0.0,0.7,1.0,1.7,1.0,1.3,2022-01-13
Austin Reaves,39.0,0.7,4.1,1.5,0.7,0.1,0.1,0.7,1.5,3.2,0.4,0.5,2022-01-13
Theo Maledon,60.0,0.7,4.5,1.5,1.5,0.4,0.1,1.0,1.5,4.0,0.7,0.9,2022-01-13
Markus Howard,42.0,1.5,6.9,0.7,0.5,0.4,0.0,0.5,2.5,6.9,0.3,0.4,2022-01-13
Ty Jerome,51.0,0.8,4.6,0.8,0.9,0.3,0.1,0.4,1.6,3.9,0.8,0.9,2022-01-13
Jonathan Kuminga,68.0,0.4,4.2,1.9,0.6,0.4,0.3,0.8,1.7,4.0,0.4,0.6,2022-01-13
Corey Kispert,44.0,1.0,5.7,1.4,0.5,0.2,0.1,0.9,2.1,5.0,0.5,0.6,2022-01-13
Luka Garza,40.0,0.2,4.9,2.5,0.2,0.2,0.2,0.8,2.0,4.4,0.7,0.9,2022-01-13
Jared Harper,12.0,0.5,3.5,0.5,1.5,0.0,0.5,0.5,1.5,3.5,0.0,0.0,2022-01-13
Chris Chiozza,41.0,0.8,2.8,0.9,2.2,0.4,0.0,0.5,1.0,3.0,0.1,0.1,2022-01-13
Vernon Carey Jr.,32.0,0.0,3.5,1.5,0.0,0.5,0.0,0.5,1.5,3.0,0.5,0.5,2022-01-13
Javonte Smart,37.0,0.6,3.9,2.0,0.9,0.3,0.0,0.6,1.3,3.1,0.7,0.9,2022-01-13
Marko Simonovic,30.0,0.3,3.9,2.2,0.4,0.2,0.2,0.7,1.5,3.2,0.7,0.9,2022-01-13
Alize Johnson,44.0,0.2,2.8,3.4,0.6,0.3,0.1,0.6,1.0,2.1,0.6,0.9,2022-01-13
Anthony Gill,36.0,0.5,2.5,1.5,0.2,0.0,0.3,0.2,1.0,1.5,0.0,0.0,2022-01-13
Jalen Johnson,20.0,0.1,2.8,2.8,0.4,0.3,0.4,0.8,1.1,2.5,0.5,0.7,2022-01-13
Denzel Valentine,64.0,0.7,3.7,1.7,0.9,0.3,0.1,0.4,1.5,3.6,0.1,0.1,2022-01-13
Sam Merrill,41.0,2.0,6.0,0.0,2.0,0.0,0.0,0.0,2.0,6.0,0.0,0.0,2022-01-13
Miye Oni,34.0,0.6,3.2,1.6,0.4,0.4,0.2,0.4,1.1,2.9,0.4,0.5,2022-01-13
Jahlil Okafor,8.0,0.1,4.3,1.9,0.4,0.2,0.2,0.6,1.9,3.0,0.5,0.7,2022-01-13
Rodney Hood,60.0,0.6,4.4,1.9,1.0,0.4,0.1,0.7,1.7,4.7,0.4,0.5,2022-01-13
James Bouknight,58.0,0.7,4.4,1.8,0.2,0.4,0.1,0.9,1.6,3.6,0.5,0.8,2022-01-13
Sekou Doumbouya,10.0,0.4,4.2,1.9,0.6,0.3,0.2,0.6,1.6,3.6,0.6,0.8,2022-01-13
Solomon Hill,40.0,0.6,2.6,1.8,0.6,0.4,0.1,0.4,0.9,2.5,0.3,0.4,2022-01-13
Jemerrio Jones,12.0,0.0,2.0,1.5,0.0,0.5,0.0,0.0,1.0,1.5,0.0,0.0,2022-01-13
Zach Collins,10.0,0.2,2.6,2.4,0.6,0.2,0.2,0.5,1.1,2.4,0.2,0.3,2022-01-13
Devontae Cacok,12.0,0.0,2.0,1.0,0.5,0.0,0.5,0.5,1.0,1.5,0.0,0.0,2022-01-13
Jose Alvarado,32.0,0.5,2.5,0.0,0.5,0.5,0.0,0.0,1.0,2.0,0.0,0.0,2022-01-13
Jake Layman,10.0,0.5,4.1,1.1,0.3,0.3,0.2,0.5,1.6,3.6,0.5,0.6,2022-01-13
Jaden Springer,28.0,0.2,3.8,1.4,1.0,0.3,0.1,1.0,1.4,3.3,0.8,1.0,2022-01-13
Anthony Tolliver,40.0,0.6,2.1,1.3,0.3,0.4,0.3,0.4,0.6,2.2,0.7,0.8,2022-01-13
Lamar Stevens,30.0,0.1,3.3,1.9,0.5,0.3,0.2,0.5,1.3,2.7,0.7,1.0,2022-01-13
Sandro Mamukelashvili,44.0,0.8,4.7,2.1,0.5,0.0,0.0,0.0,1.7,4.0,0.5,0.7,2022-01-13
JT Thor,37.0,0.4,3.1,1.7,0.9,0.6,0.4,0.3,1.1,3.1,0.4,0.9,2022-01-13
Jarrett Culver,30.0,0.3,3.9,2.3,0.5,0.4,0.2,0.6,1.5,3.6,0.7,1.0,2022-01-13
Jared Butler,30.0,0.7,3.0,1.0,1.0,0.3,0.0,0.9,1.0,2.4,0.3,0.4,2022-01-13
Keon Johnson,20.0,0.3,4.1,1.8,1.1,0.3,0.1,1.0,1.6,3.8,0.6,0.9,2022-01-13
Jock Landale,40.0,0.1,3.5,2.1,0.6,0.2,0.2,0.6,1.5,3.2,0.4,0.6,2022-01-13
Nik Stauskas,11.0,1.0,6.0,2.0,1.0,0.0,0.0,0.0,1.0,3.0,3.0,4.0,2022-01-13
McKinley Wright IV,41.0,1.0,3.0,0.0,0.0,0.0,0.0,1.0,1.0,1.0,0.0,0.0,2022-01-13
Damyean Dotson,40.0,0.6,4.2,1.3,1.3,0.2,0.1,0.6,1.6,4.0,0.3,0.5,2022-01-13
Eric Paschall,63.0,0.3,4.7,1.8,0.7,0.2,0.1,0.6,1.9,4.3,0.6,0.9,2022-01-13
Juancho Hernangomez,10.0,0.6,4.2,2.3,0.4,0.2,0.1,0.3,1.5,3.4,0.7,1.1,2022-01-13
Rodney McGruder,10.0,0.3,2.1,1.7,0.5,0.3,0.1,0.3,0.8,1.8,0.2,0.3,2022-01-13
Tony Snell,52.0,0.5,2.2,1.4,0.7,0.2,0.1,0.2,0.8,2.1,0.1,0.1,2022-01-13
Isaiah Todd,41.0,1.0,4.0,1.0,0.0,1.0,0.0,0.0,1.0,2.0,1.0,2.0,2022-01-13
Josh Green,58.0,0.1,2.8,2.1,0.7,0.4,0.1,0.4,1.2,2.6,0.3,0.6,2022-01-13
Rondae Hollis-Jefferson,40.0,0.0,2.9,2.8,1.4,0.2,0.5,0.2,0.9,1.8,0.9,1.7,2022-01-13
Quinndary Weatherspoon,11.0,0.0,2.7,1.0,0.0,0.4,0.1,1.0,1.0,2.2,0.7,0.8,2022-01-13
Wes Iwundu,20.0,0.2,2.5,1.1,0.5,0.2,0.1,0.2,0.8,2.0,0.7,0.8,2022-01-13
Deividas Sirvydis,11.0,0.4,2.5,3.0,1.0,0.4,0.1,0.0,1.0,4.0,0.1,0.2,2022-01-13
Luka Samanic,45.0,0.4,4.0,2.3,0.5,0.2,0.2,0.7,1.5,3.5,0.5,1.0,2022-01-13
Trayvon Palmer,11.0,0.0,0.0,2.0,0.0,1.0,0.0,1.0,0.0,1.0,0.0,0.0,2022-01-13
Kevin Knox II,36.0,0.6,2.8,1.1,0.4,0.2,0.1,0.3,0.9,2.5,0.3,0.4,2022-01-13
Isaiah Joe,44.0,0.7,3.6,1.4,0.6,0.1,0.0,0.5,1.3,3.2,0.3,0.4,2022-01-13
Admiral Schofield,31.0,0.2,4.1,0.9,1.0,0.1,0.0,0.2,1.9,4.0,0.1,0.2,2022-01-13
Bruno Fernando,12.0,0.1,2.7,2.2,0.6,0.2,0.2,0.5,1.1,2.3,0.3,0.6,2022-01-13
Joshua Primo,40.0,0.5,4.0,1.0,0.3,0.2,0.1,0.8,1.6,4.0,0.2,0.3,2022-01-13
Theo Pinson,11.0,0.5,5.5,1.8,1.3,0.5,0.1,1.0,2.0,6.0,1.0,1.5,2022-01-13
Sharife Cooper,20.0,0.2,3.5,1.5,1.1,0.2,0.1,1.0,1.5,3.9,0.3,0.4,2022-01-13
Santi Aldama,41.0,0.4,2.7,2.0,0.7,0.0,0.4,0.3,1.0,3.0,0.3,0.5,2022-01-13
Bol Bol,30.0,0.4,2.6,0.9,0.2,0.1,0.4,0.5,0.9,2.1,0.4,0.6,2022-01-13
Langston Galloway,31.0,1.0,3.0,1.0,0.0,0.0,0.0,1.0,1.0,2.0,0.0,0.0,2022-01-13
Justise Winslow,68.0,0.2,3.6,2.3,1.0,0.3,0.2,0.7,1.5,4.2,0.4,0.7,2022-01-13
Cameron Oliver,11.0,0.0,4.8,2.6,0.7,0.0,0.4,0.5,2.1,3.9,0.7,1.3,2022-01-13
Chris Silva,12.0,0.0,1.0,4.0,0.0,0.0,0.0,0.0,0.5,1.0,0.0,0.0,2022-01-13
Kris Dunn,30.0,0.0,1.8,1.9,0.6,0.6,0.6,1.0,0.4,3.8,1.0,1.3,2022-01-13
Dakota Mathias,13.0,0.7,2.0,0.7,0.0,0.0,0.0,0.0,0.7,1.0,0.0,0.0,2022-01-13
Isaac Bonga,43.0,0.0,0.7,0.7,0.7,0.3,0.0,0.0,0.3,0.3,0.0,0.0,2022-01-13
Duane Washington Jr.,32.0,0.5,2.5,0.5,0.0,0.0,0.0,0.0,1.0,1.5,0.0,0.0,2022-01-13
Micah Potter,12.0,0.0,2.0,1.5,0.0,0.0,0.5,0.5,1.0,2.5,0.0,0.0,2022-01-13
Jericho Sims,42.0,0.0,1.5,2.5,0.0,0.5,0.0,0.0,0.5,0.5,0.5,1.0,2022-01-13
Sam Dekker,10.0,0.3,3.2,1.5,0.4,0.2,0.1,0.9,1.2,2.6,0.5,0.7,2022-01-13
Nathan Knight,32.0,0.0,1.0,1.0,0.0,0.0,0.0,0.0,0.0,0.0,1.0,1.0,2022-01-13
Neemias Queta,31.0,0.0,0.0,5.0,1.0,0.0,1.0,0.0,0.0,4.0,0.0,0.0,2022-01-13
Chandler Hutchison,41.0,0.0,2.0,2.0,0.0,0.0,0.0,2.0,1.0,1.0,0.0,0.0,2022-01-13
CJ Elleby,15.0,0.3,2.4,1.1,0.2,0.3,0.1,0.2,0.9,2.3,0.3,0.5,2022-01-13
Skylar Mays,42.0,0.5,1.5,0.5,0.0,0.0,0.0,0.0,0.5,0.5,0.0,0.0,2022-01-13
Devon Dotson,32.0,0.0,1.0,2.5,1.5,0.0,0.0,0.5,0.5,1.5,0.0,0.0,2022-01-13
Trent Forrest,42.0,0.0,2.1,1.0,1.0,0.0,0.0,0.0,1.0,1.9,0.1,0.2,2022-01-13
Vernon Carey Jr,10.0,0.1,2.4,1.3,0.2,0.1,0.2,0.3,1.0,2.1,0.3,0.5,2022-01-13
Aleem Ford,15.0,0.4,2.8,3.0,0.4,0.2,0.0,0.8,1.2,4.0,0.0,0.0,2022-01-13
Justin Robinson,45.0,0.4,2.7,0.8,0.8,0.3,0.0,1.0,1.0,2.8,0.3,0.5,2022-01-13
Keljin Blevins,33.0,0.7,2.0,0.3,0.3,0.0,0.0,0.7,0.7,1.3,0.0,0.0,2022-01-13
Craig Sword,12.0,0.1,2.2,0.8,0.5,0.2,0.0,0.5,1.0,2.2,0.1,0.1,2022-01-13
Trendon Watford,33.0,0.0,2.0,0.3,0.7,0.3,0.3,0.0,1.0,2.0,0.0,0.3,2022-01-13
Scotty Hopson,11.0,0.0,4.0,1.0,1.0,0.0,0.0,2.0,2.0,4.0,0.0,0.0,2022-01-13
RJ Nembhard,33.0,0.0,1.3,0.3,0.7,0.0,0.0,0.3,0.7,0.7,0.0,0.0,2022-01-13
Greg Brown,44.0,0.0,3.0,2.8,1.0,0.3,0.5,0.5,1.5,3.0,0.0,0.8,2022-01-13
Joe Wieskamp,32.0,0.5,1.5,0.0,0.0,0.0,0.0,0.0,0.5,0.5,0.0,0.0,2022-01-13
Shaq Buchanan,12.0,0.0,1.0,1.0,1.0,0.5,0.0,1.0,0.5,2.0,0.0,0.0,2022-01-13
Jon Teske,12.0,0.0,0.0,0.5,0.5,0.5,0.0,0.0,0.0,0.5,0.0,0.0,2022-01-13
Isaiah Livers,31.0,0.0,1.8,0.0,0.0,0.4,0.1,1.0,0.9,2.0,0.1,0.2,2022-01-13
Robert Woodard II,32.0,0.0,1.0,0.0,0.0,0.0,0.0,0.5,0.0,0.0,1.0,1.0,2022-01-13
Isaiah Jackson,42.0,0.0,1.5,2.0,0.0,0.5,0.0,0.0,0.5,1.0,0.5,1.0,2022-01-13
Elijah Hughes,42.0,0.0,1.0,0.5,0.0,0.0,0.0,0.0,0.0,0.5,1.0,1.0,2022-01-13
Cassius Winston,32.0,0.0,1.0,0.0,1.0,0.0,0.0,0.5,0.0,1.0,1.0,1.0,2022-01-13
Jamorko Pickett,33.0,0.3,1.0,0.0,0.0,0.0,0.0,0.3,0.3,0.3,0.0,0.0,2022-01-13
Udoka Azubuike,34.0,0.0,0.5,1.0,0.0,0.0,0.0,0.3,0.3,0.3,0.0,0.0,2022-01-13
Justin Jackson,12.0,0.0,1.0,1.0,0.0,0.0,0.0,0.5,0.0,1.0,1.0,1.0,2022-01-13
Yves Pons,33.0,0.3,1.0,1.0,0.0,0.0,0.0,0.0,0.3,1.0,0.0,0.0,2022-01-13
Lance Stephenson,13.0,0.0,1.7,4.0,2.3,0.0,0.0,0.7,0.7,3.0,0.3,0.7,2022-01-13
Sam Hauser,32.0,0.0,0.0,0.5,0.0,0.5,0.0,0.0,0.0,1.0,0.0,0.0,2022-01-13
Ish Wainright,21.0,0.2,1.1,1.3,0.5,0.3,0.1,0.4,0.5,2.0,0.0,0.2,2022-01-13
Petr Cornelie,35.0,0.0,0.8,1.6,0.6,0.0,0.0,0.4,0.4,1.4,0.0,0.0,2022-01-13
Joel Ayayi,33.0,0.0,0.0,0.3,0.7,0.0,0.0,0.0,0.0,0.0,0.0,0.0,2022-01-13
Jaylen Morris,11.0,0.0,0.0,2.0,1.0,0.0,0.0,0.0,0.0,1.0,0.0,0.0,2022-01-13
Jay Huff,31.0,0.0,0.0,2.0,1.0,0.0,0.0,0.0,0.0,1.0,0.0,0.0,2022-01-13
Luke Kornet,12.0,0.0,2.0,1.5,0.5,0.0,0.5,0.0,0.5,2.5,1.0,1.5,2022-01-13
Rob Edwards,12.0,0.5,1.5,1.5,0.0,0.0,0.0,0.5,0.5,2.0,0.0,0.0,2022-01-13
Carlik Jones,11.0,0.0,0.0,2.0,3.0,0.0,0.0,1.0,0.0,2.0,0.0,0.0,2022-01-13
DaQuan Jeffries,12.0,0.0,1.0,0.5,0.0,0.0,0.0,0.0,0.5,1.0,0.0,0.0,2022-01-13
Malik Fitts,42.0,0.0,0.0,1.0,0.0,0.0,0.0,0.0,0.0,0.0,0.0,0.0,2022-01-13
Trevelin Queen,33.0,0.0,1.3,0.3,0.3,0.0,0.0,0.0,0.7,1.7,0.0,0.0,2022-01-13
Wenyen Gabriel,13.0,0.3,3.0,2.7,0.7,0.0,0.0,0.3,1.0,2.7,0.7,1.3,2022-01-13
Scottie Lewis,32.0,0.0,0.5,0.0,0.5,0.5,0.0,0.0,0.0,0.0,0.5,1.0,2022-01-13
Udonis Haslem,32.0,0.0,1.0,1.0,0.0,0.0,0.0,0.0,0.5,1.5,0.0,0.0,2022-01-13
Justin Champagnie,42.0,0.0,0.0,0.5,0.0,0.0,0.0,0.0,0.0,0.0,0.0,0.0,2022-01-13
Mychal Mulder,32.0,0.5,1.5,1.0,0.5,0.0,0.0,0.5,0.5,2.5,0.0,0.0,2022-01-13
Marcus Garrett,32.0,0.0,0.0,0.0,1.0,0.0,0.0,0.0,0.0,0.5,0.0,0.0,2022-01-13
JaQuori McLaughlin,32.0,0.0,0.0,0.0,1.0,0.0,0.0,0.0,0.0,0.5,0.0,0.0,2022-01-13
Ignas Brazdeikis,44.0,0.0,0.5,1.3,0.8,0.3,0.0,0.3,0.3,2.5,0.0,0.0,2022-01-13
Matt Thomas,37.0,0.1,1.3,0.3,0.0,0.1,0.1,0.0,0.6,2.3,0.0,0.0,2022-01-13
Day'Ron Sharpe,43.0,0.0,2.4,0.0,0.0,0.0,0.0,0.0,0.9,2.0,0.5,0.8,2022-01-13
Brodric Thomas,33.0,0.0,0.0,0.3,0.0,0.0,0.0,0.3,0.0,0.0,0.0,0.0,2022-01-13
Eugene Omoruyi,32.0,0.5,3.5,2.5,0.5,0.0,0.0,0.0,1.0,2.0,1.0,2.0,2022-01-13
Emanuel Terry,12.0,0.0,0.0,5.0,0.0,0.0,0.0,1.0,0.0,2.0,0.0,0.0,2022-01-13
Jeff Dowtin,32.0,0.0,0.0,1.0,0.0,0.0,0.0,0.0,0.0,0.5,0.0,0.0,2022-01-13
Gabriel Deck,42.0,0.0,1.0,0.5,0.5,0.0,0.0,0.0,0.5,2.0,0.0,0.0,2022-01-13
Cat Barber,12.0,0.0,0.0,0.5,1.0,0.0,0.0,0.5,0.0,1.0,0.0,0.0,2022-01-13
Jahmi'us Ramsey,37.0,0.1,1.9,0.0,0.3,0.0,0.1,0.0,0.7,2.0,0.3,0.6,2022-01-13
Xavier Sneed,11.0,0.0,0.0,1.0,0.0,0.0,0.0,0.0,0.0,1.0,0.0,0.0,2022-01-13
Emmanuel Mudiay,31.0,0.0,0.0,0.0,2.0,0.0,0.0,0.0,0.0,2.0,0.0,0.0,2022-01-13
Aaron Henry,32.0,0.0,0.0,0.5,0.0,0.0,0.0,0.0,0.0,1.0,0.0,0.0,2022-01-13
Kevin Pangos,33.0,0.0,0.0,0.0,0.0,0.0,0.0,0.3,0.0,0.7,0.0,0.0,2022-01-13
Jay Scrubb,42.0,0.5,3.0,0.5,0.0,0.0,0.0,0.0,1.0,3.0,0.5,1.0,2022-01-13
Gary Clark,12.0,0.0,0.5,1.0,0.0,0.0,0.0,0.0,0.0,0.0,0.5,1.0,2022-01-13
Mason Jones,12.0,0.0,2.5,1.0,0.0,0.5,0.0,0.5,1.0,4.0,0.5,1.0,2022-01-13
Jordan Goodwin,12.0,0.0,0.0,0.5,0.0,0.0,0.0,0.0,0.0,1.5,0.0,0.0,2022-01-13
Darren Collison,11.0,0.0,0.0,2.0,1.0,0.0,0.0,0.0,0.0,3.0,0.0,0.0,2022-01-13
Tacko Fall,37.0,0.0,0.4,0.7,0.0,0.0,0.1,0.1,0.1,0.3,0.1,0.6,2022-01-13
Myles Powell,31.0,0.0,0.0,0.0,0.0,0.0,0.0,0.0,0.0,2.0,0.0,0.0,2022-01-13
Daniel Oturu,11.0,0.0,7.0,2.0,0.0,0.0,0.0,0.0,2.0,4.0,3.0,5.0,2022-01-13
Jaysean Paige,11.0,0.0,0.0,1.0,1.0,0.0,0.0,1.0,0.0,3.0,0.0,0.0,2022-01-13
Keifer Sykes,11.0,0.0,0.0,1.0,2.0,0.0,0.0,0.0,0.0,4.0,0.0,0.0,2022-01-13
Georgios Kalaitzakis,43.0,0.3,2.7,1.7,0.0,0.0,0.0,1.0,1.0,2.3,0.3,1.3,2022-01-13
George King,12.0,0.0,0.5,2.0,0.0,0.0,0.0,0.5,0.0,2.0,0.5,1.0,2022-01-13
Jordan Schakel,11.0,0.0,0.0,2.0,0.0,0.0,0.0,0.0,0.0,6.0,0.0,0.0,2022-01-13
Tim Frazier,31.0,0.0,1.0,1.0,4.0,1.0,0.0,3.0,0.0,2.0,1.0,4.0,2022-01-13
